Modèle,MSE,R²
Linear,596.5707478124417,0.1009001268802121
Ridge,596.5751515002502,0.10089349002253101
Lasso,596.3998196038513,0.10115773510391368
